{"cameraMode":{"drawMode":0,"name":"Shaded","section":"Shading Mode"},"sceneLighting":false,"audioPlay":false,"sceneViewState":{"showFog":true,"showMaterialUpdate":false,"showSkybox":true,"showFlares":true,"showImageEffects":true,"showParticleSystems":true},"in2DMode":false,"pivot":{"x":1.8729615211486817,"y":1.4668664932250977,"z":6.893709182739258},"rotation":{"x":0.028661618009209634,"y":-0.26025140285491946,"z":-0.007728671655058861,"w":-0.9650844931602478},"size":8.871723175048829,"orthographic":false}