{"cameraMode":{"drawMode":0,"name":"Shaded","section":"Shading Mode"},"sceneLighting":false,"audioPlay":false,"sceneViewState":{"showFog":true,"showMaterialUpdate":false,"showSkybox":true,"showFlares":true,"showImageEffects":true,"showParticleSystems":true},"in2DMode":false,"pivot":{"x":264.5374755859375,"y":434.11517333984377,"z":56.7623405456543},"rotation":{"x":-0.002993072848767042,"y":-0.041097939014434817,"z":-0.00012327858712524176,"w":0.9991506338119507},"size":819.7804565429688,"orthographic":false}